user_id,username,email
1,david47,david47@gmail.com
2,lparks,lparks@rocketmail.com
3,jay50,jay50@rocketmail.com
4,fhughes,fhughes@rocketmail.com
5,dellis,dellis@yahoo.com
6,dturner,dturner@yahoo.com
7,dawn80,dawn80@yahoo.com
8,sharpmichael,sharpmichael@rocketmail.com
9,ochung,ochung@gmail.com
10,kylie12,kylie12@rocketmail.com
11,ataylor,ataylor@gmail.com
12,david64,david64@gmail.com
13,parklisa,parklisa@gmail.com
14,alexandra72,alexandra72@rocketmail.com
15,ramirezjennifer,ramirezjennifer@gmail.com
16,carriebailey,carriebailey@rocketmail.com
17,stephensongabriel,stephensongabriel@gmail.com
18,jason34,jason34@yahoo.com
19,psalas,psalas@gmail.com
20,theresa38,theresa38@rocketmail.com
21,brittney31,brittney31@yahoo.com
22,jessicaschmitt,jessicaschmitt@yahoo.com
23,roselinda,roselinda@gmail.com
24,alvaradojennifer,alvaradojennifer@yahoo.com
25,gmann,gmann@gmail.com
26,pameladiaz,pameladiaz@gmail.com
27,rnixon,rnixon@rocketmail.com
28,ucooper,ucooper@gmail.com
29,amandajackson,amandajackson@rocketmail.com
30,blackburnsierra,blackburnsierra@gmail.com
31,kimtony,kimtony@rocketmail.com
32,vanessathompson,vanessathompson@yahoo.com
33,howellscott,howellscott@gmail.com
34,twolfe,twolfe@yahoo.com
35,robertlynch,robertlynch@yahoo.com
36,brownkenneth,brownkenneth@gmail.com
37,johnalexander,johnalexander@gmail.com
38,nicole72,nicole72@rocketmail.com
39,bhansen,bhansen@gmail.com
40,harrisjonathan,harrisjonathan@yahoo.com
41,desiree92,desiree92@yahoo.com
42,pcarlson,pcarlson@gmail.com
43,hlong,hlong@gmail.com
44,jdavis,jdavis@yahoo.com
45,ericromero,ericromero@yahoo.com
46,peter67,peter67@rocketmail.com
47,brettsaunders,brettsaunders@yahoo.com
48,jsmith,jsmith@yahoo.com
49,joan78,joan78@rocketmail.com
50,johnsondarius,johnsondarius@yahoo.com
51,megan14,megan14@rocketmail.com
52,erika01,erika01@rocketmail.com
53,msharp,msharp@gmail.com
54,harristheresa,harristheresa@yahoo.com
55,crystal38,crystal38@gmail.com
56,mgonzales,mgonzales@gmail.com
57,michael14,michael14@yahoo.com
58,amorgan,amorgan@rocketmail.com
59,jenkinsdustin,jenkinsdustin@yahoo.com
60,mark03,mark03@yahoo.com
61,dcarroll,dcarroll@rocketmail.com
62,wallacesamuel,wallacesamuel@yahoo.com
63,whitemiranda,whitemiranda@yahoo.com
64,coliver,coliver@yahoo.com
65,operez,operez@yahoo.com
66,sarahwilkerson,sarahwilkerson@rocketmail.com
67,tom79,tom79@gmail.com
68,ashley44,ashley44@gmail.com
69,vlee,vlee@gmail.com
70,boydtammy,boydtammy@gmail.com
71,vbriggs,vbriggs@gmail.com
72,juanbates,juanbates@gmail.com
73,noahrobles,noahrobles@rocketmail.com
74,geraldtaylor,geraldtaylor@rocketmail.com
75,jeffrey09,jeffrey09@gmail.com
76,annnielsen,annnielsen@gmail.com
77,jay00,jay00@gmail.com
78,christopher19,christopher19@rocketmail.com
79,veronica21,veronica21@rocketmail.com
80,megan15,megan15@rocketmail.com
81,dustinsmith,dustinsmith@gmail.com
82,gayala,gayala@yahoo.com
83,erika38,erika38@yahoo.com
84,matthew27,matthew27@rocketmail.com
85,benjaminweaver,benjaminweaver@rocketmail.com
86,torresshawn,torresshawn@rocketmail.com
87,emccarty,emccarty@rocketmail.com
88,christianschmidt,christianschmidt@rocketmail.com
89,donaldsanders,donaldsanders@gmail.com
90,samanthacarpenter,samanthacarpenter@gmail.com
91,jason30,jason30@gmail.com
92,hendersonbrandy,hendersonbrandy@gmail.com
93,timothydavis,timothydavis@yahoo.com
94,carternathan,carternathan@yahoo.com
95,rogerssherri,rogerssherri@rocketmail.com
96,vincent25,vincent25@gmail.com
97,hillryan,hillryan@gmail.com
98,humphreydanielle,humphreydanielle@gmail.com
99,rachel30,rachel30@yahoo.com
100,kathryn20,kathryn20@rocketmail.com
101,james06,james06@rocketmail.com
102,heidi74,heidi74@gmail.com
103,ajames,ajames@gmail.com
104,ncummings,ncummings@yahoo.com
105,nicholsnancy,nicholsnancy@gmail.com
106,rdunn,rdunn@gmail.com
107,jennifer15,jennifer15@rocketmail.com
108,jennifer79,jennifer79@rocketmail.com
109,robert47,robert47@gmail.com
110,robinandersen,robinandersen@rocketmail.com
111,charlesallison,charlesallison@rocketmail.com
112,browningmichael,browningmichael@yahoo.com
113,msmith,msmith@rocketmail.com
114,heather00,heather00@yahoo.com
115,zwalsh,zwalsh@rocketmail.com
116,stevenjenkins,stevenjenkins@yahoo.com
117,allison06,allison06@gmail.com
118,csmith,csmith@yahoo.com
119,hernandezscott,hernandezscott@rocketmail.com
120,michael43,michael43@rocketmail.com
121,averydaniel,averydaniel@rocketmail.com
122,tony05,tony05@yahoo.com
123,kmorris,kmorris@yahoo.com
124,anthony53,anthony53@gmail.com
125,jennifer22,jennifer22@yahoo.com
126,garrettsamuel,garrettsamuel@rocketmail.com
127,kellyhughes,kellyhughes@yahoo.com
128,ocole,ocole@rocketmail.com
129,douglas94,douglas94@rocketmail.com
130,dgreen,dgreen@gmail.com
131,louisgraham,louisgraham@rocketmail.com
132,anthonyromero,anthonyromero@yahoo.com
133,joshuacharles,joshuacharles@gmail.com
134,williamswilliam,williamswilliam@gmail.com
135,maria78,maria78@yahoo.com
136,kgarza,kgarza@gmail.com
137,kevin99,kevin99@yahoo.com
138,smithlisa,smithlisa@gmail.com
139,markdrake,markdrake@gmail.com
140,stevenlittle,stevenlittle@yahoo.com
141,melissamiller,melissamiller@rocketmail.com
142,mbentley,mbentley@rocketmail.com
143,laurie86,laurie86@rocketmail.com
144,michael44,michael44@rocketmail.com
145,victoria96,victoria96@yahoo.com
146,tanderson,tanderson@rocketmail.com
147,scott48,scott48@gmail.com
148,kathleen90,kathleen90@gmail.com
149,morgan40,morgan40@rocketmail.com
150,johnsonchristopher,johnsonchristopher@gmail.com
151,nathanbennett,nathanbennett@gmail.com
152,jacqueline69,jacqueline69@rocketmail.com
153,dawn87,dawn87@yahoo.com
154,powerschristopher,powerschristopher@gmail.com
155,perezanthony,perezanthony@rocketmail.com
156,curtiscarter,curtiscarter@gmail.com
157,aguilarbrandy,aguilarbrandy@rocketmail.com
158,fernandeztodd,fernandeztodd@rocketmail.com
159,rdorsey,rdorsey@yahoo.com
160,ispencer,ispencer@rocketmail.com
161,smithbenjamin,smithbenjamin@gmail.com
162,hensonpatricia,hensonpatricia@gmail.com
163,ochoaalbert,ochoaalbert@yahoo.com
164,mcdowelltanya,mcdowelltanya@yahoo.com
165,alexandriamontoya,alexandriamontoya@gmail.com
166,scottturner,scottturner@gmail.com
167,mspencer,mspencer@rocketmail.com
168,davejoseph,davejoseph@yahoo.com
169,michaelrojas,michaelrojas@yahoo.com
170,laurahughes,laurahughes@gmail.com
171,jessica53,jessica53@gmail.com
172,crodriguez,crodriguez@gmail.com
173,jbarrett,jbarrett@rocketmail.com
174,natkinson,natkinson@rocketmail.com
175,johnsonsamantha,johnsonsamantha@gmail.com
176,tammychristensen,tammychristensen@gmail.com
177,michael04,michael04@rocketmail.com
178,amyandersen,amyandersen@rocketmail.com
179,swalsh,swalsh@rocketmail.com
180,mjordan,mjordan@yahoo.com
181,christinabarnes,christinabarnes@yahoo.com
182,awilliamson,awilliamson@gmail.com
183,hendersonderek,hendersonderek@rocketmail.com
184,virginia03,virginia03@rocketmail.com
185,glasswilliam,glasswilliam@yahoo.com
186,charlesanderson,charlesanderson@yahoo.com
187,millerpeter,millerpeter@yahoo.com
188,anna36,anna36@rocketmail.com
189,wilsonchristine,wilsonchristine@yahoo.com
190,michael88,michael88@rocketmail.com
191,iparker,iparker@gmail.com
192,tiffanyswanson,tiffanyswanson@yahoo.com
193,trice,trice@yahoo.com
194,jessica28,jessica28@rocketmail.com
195,matthew60,matthew60@gmail.com
196,carol40,carol40@rocketmail.com
197,davidsonrobert,davidsonrobert@rocketmail.com
198,saracannon,saracannon@gmail.com
199,davidrivera,davidrivera@yahoo.com
200,johnbarrera,johnbarrera@gmail.com
201,cynthia45,cynthia45@yahoo.com
202,nwright,nwright@rocketmail.com
203,greenrebecca,greenrebecca@rocketmail.com
204,heidi09,heidi09@gmail.com
205,dunnjohn,dunnjohn@yahoo.com
206,wmartin,wmartin@rocketmail.com
207,littlecynthia,littlecynthia@yahoo.com
208,sharris,sharris@yahoo.com
209,parsonslisa,parsonslisa@yahoo.com
210,qesparza,qesparza@gmail.com
211,rachelcruz,rachelcruz@gmail.com
212,smitheric,smitheric@gmail.com
213,franklinpatricia,franklinpatricia@yahoo.com
214,alexisgrant,alexisgrant@yahoo.com
215,michael61,michael61@gmail.com
216,xgonzalez,xgonzalez@rocketmail.com
217,pamelamcconnell,pamelamcconnell@yahoo.com
218,ramirezrussell,ramirezrussell@yahoo.com
219,hayleywright,hayleywright@gmail.com
220,garyharrison,garyharrison@rocketmail.com
221,david02,david02@yahoo.com
222,ronald69,ronald69@gmail.com
223,emorgan,emorgan@rocketmail.com
224,kelleytheresa,kelleytheresa@gmail.com
225,angelicalewis,angelicalewis@gmail.com
226,christine41,christine41@gmail.com
227,dannymcfarland,dannymcfarland@yahoo.com
228,ahernandez,ahernandez@rocketmail.com
229,jeffrey90,jeffrey90@gmail.com
230,enorman,enorman@rocketmail.com
231,wrightcaitlin,wrightcaitlin@gmail.com
232,betty33,betty33@rocketmail.com
233,robert83,robert83@yahoo.com
234,gpatterson,gpatterson@yahoo.com
235,mcgeejames,mcgeejames@gmail.com
236,garciavalerie,garciavalerie@yahoo.com
237,kflores,kflores@gmail.com
238,natalie28,natalie28@yahoo.com
239,caseykelly,caseykelly@gmail.com
240,mowens,mowens@yahoo.com
241,kscott,kscott@rocketmail.com
242,ureynolds,ureynolds@rocketmail.com
243,galvarez,galvarez@yahoo.com
244,christineross,christineross@gmail.com
245,richardwest,richardwest@rocketmail.com
246,qcampbell,qcampbell@gmail.com
247,nathaniel77,nathaniel77@gmail.com
248,vsolomon,vsolomon@rocketmail.com
249,rebeccataylor,rebeccataylor@yahoo.com
250,lukeandrews,lukeandrews@rocketmail.com
251,cvazquez,cvazquez@yahoo.com
252,jack95,jack95@gmail.com
253,danielmurphy,danielmurphy@yahoo.com
254,pjohnson,pjohnson@gmail.com
255,longcarlos,longcarlos@yahoo.com
256,mathewswilliam,mathewswilliam@yahoo.com
257,jenniferfranklin,jenniferfranklin@rocketmail.com
258,wilsonelizabeth,wilsonelizabeth@gmail.com
259,manningkristy,manningkristy@gmail.com
260,kennedyrichard,kennedyrichard@yahoo.com
261,ymyers,ymyers@yahoo.com
262,richard79,richard79@rocketmail.com
263,richardsonjulie,richardsonjulie@rocketmail.com
264,wjohnson,wjohnson@gmail.com
265,tony55,tony55@rocketmail.com
266,deniseblack,deniseblack@gmail.com
267,jennifer54,jennifer54@gmail.com
268,smithjoseph,smithjoseph@yahoo.com
269,nicholscolin,nicholscolin@gmail.com
270,dianajenkins,dianajenkins@yahoo.com
271,tamara28,tamara28@gmail.com
272,paynejonathon,paynejonathon@yahoo.com
273,cpennington,cpennington@gmail.com
274,bsmith,bsmith@rocketmail.com
275,watkinskelly,watkinskelly@yahoo.com
276,leelaurie,leelaurie@yahoo.com
277,jennifersharp,jennifersharp@gmail.com
278,kristaking,kristaking@gmail.com
279,ewilliamson,ewilliamson@yahoo.com
280,jessica49,jessica49@rocketmail.com
281,holmessteven,holmessteven@gmail.com
282,kevinmendoza,kevinmendoza@yahoo.com
283,melissa18,melissa18@gmail.com
284,zmorgan,zmorgan@yahoo.com
285,ilewis,ilewis@rocketmail.com
286,robert81,robert81@yahoo.com
287,zdouglas,zdouglas@rocketmail.com
288,morgan86,morgan86@rocketmail.com
289,hannahcarter,hannahcarter@gmail.com
290,andrewwest,andrewwest@yahoo.com
291,roberthodge,roberthodge@gmail.com
292,robinsonian,robinsonian@gmail.com
293,brenda06,brenda06@gmail.com
294,rhonda78,rhonda78@yahoo.com
295,sanchezsean,sanchezsean@yahoo.com
296,catherinepennington,catherinepennington@gmail.com
297,joshua96,joshua96@rocketmail.com
298,dlloyd,dlloyd@yahoo.com
299,lori72,lori72@rocketmail.com
300,clyons,clyons@gmail.com
301,wallacekimberly,wallacekimberly@gmail.com
302,ashley64,ashley64@rocketmail.com
303,ehernandez,ehernandez@rocketmail.com
304,woodthomas,woodthomas@gmail.com
305,loricampos,loricampos@yahoo.com
306,margaret46,margaret46@gmail.com
307,rioschristina,rioschristina@rocketmail.com
308,colebecky,colebecky@rocketmail.com
309,jacob09,jacob09@gmail.com
310,kevinwise,kevinwise@rocketmail.com
311,lawsonkaren,lawsonkaren@rocketmail.com
312,jamie04,jamie04@gmail.com
313,jamesmary,jamesmary@yahoo.com
314,patrick66,patrick66@yahoo.com
315,francomichael,francomichael@yahoo.com
316,timothy61,timothy61@yahoo.com
317,robertogonzalez,robertogonzalez@rocketmail.com
318,jack81,jack81@rocketmail.com
319,tiffanyevans,tiffanyevans@yahoo.com
320,erinray,erinray@rocketmail.com
321,hannahriley,hannahriley@yahoo.com
322,qsanchez,qsanchez@gmail.com
323,tbarnes,tbarnes@rocketmail.com
324,justinmontgomery,justinmontgomery@gmail.com
325,ggordon,ggordon@rocketmail.com
326,anthony50,anthony50@yahoo.com
327,cmcintyre,cmcintyre@yahoo.com
328,johnchavez,johnchavez@yahoo.com
329,rharris,rharris@rocketmail.com
330,katherinemartinez,katherinemartinez@yahoo.com
331,christopher24,christopher24@yahoo.com
332,lopezemily,lopezemily@yahoo.com
333,tfoster,tfoster@yahoo.com
334,wilsonmelody,wilsonmelody@rocketmail.com
335,rachel97,rachel97@gmail.com
336,norrisdavid,norrisdavid@rocketmail.com
337,caleb00,caleb00@gmail.com
338,mwyatt,mwyatt@yahoo.com
339,danieljensen,danieljensen@rocketmail.com
340,ralph45,ralph45@yahoo.com
341,lambertgina,lambertgina@gmail.com
342,weberwilliam,weberwilliam@rocketmail.com
343,katrinawalker,katrinawalker@rocketmail.com
344,dickersonmark,dickersonmark@rocketmail.com
345,nelsonlinda,nelsonlinda@gmail.com
346,yramirez,yramirez@rocketmail.com
347,badkins,badkins@gmail.com
348,ninamoore,ninamoore@yahoo.com
349,johngibson,johngibson@gmail.com
350,ujennings,ujennings@rocketmail.com
351,aaron06,aaron06@gmail.com
352,erich,erich@gmail.com
353,lynn65,lynn65@gmail.com
354,cheyenne29,cheyenne29@yahoo.com
355,vjohnson,vjohnson@rocketmail.com
356,lbarry,lbarry@gmail.com
357,cummingsjennifer,cummingsjennifer@yahoo.com
358,robertalexander,robertalexander@gmail.com
359,jose39,jose39@rocketmail.com
360,tylerbennett,tylerbennett@yahoo.com
361,mccalljoshua,mccalljoshua@rocketmail.com
362,sandersrichard,sandersrichard@yahoo.com
363,amy52,amy52@yahoo.com
364,danielcarrillo,danielcarrillo@gmail.com
365,vickiedavis,vickiedavis@yahoo.com
366,smithmatthew,smithmatthew@rocketmail.com
367,daniellekim,daniellekim@gmail.com
368,nicholsmadison,nicholsmadison@gmail.com
369,xgallegos,xgallegos@rocketmail.com
370,daniel60,daniel60@yahoo.com
371,christophersanders,christophersanders@rocketmail.com
372,jacksonjohn,jacksonjohn@gmail.com
373,nelsonalexandra,nelsonalexandra@gmail.com
374,stephanie03,stephanie03@rocketmail.com
375,taylor86,taylor86@rocketmail.com
376,edwardsconnie,edwardsconnie@yahoo.com
377,dixonjasmine,dixonjasmine@gmail.com
378,jacqueline83,jacqueline83@yahoo.com
379,maria02,maria02@rocketmail.com
380,brenda91,brenda91@yahoo.com
381,austinfields,austinfields@yahoo.com
382,jordanvincent,jordanvincent@rocketmail.com
383,amberharper,amberharper@rocketmail.com
384,danieljohnson,danieljohnson@rocketmail.com
385,cfoster,cfoster@gmail.com
386,morriseduardo,morriseduardo@yahoo.com
387,charlotteowens,charlotteowens@gmail.com
388,banderson,banderson@gmail.com
389,dmckinney,dmckinney@gmail.com
390,regina59,regina59@yahoo.com
391,torresscott,torresscott@rocketmail.com
392,andersonryan,andersonryan@rocketmail.com
393,robertdavis,robertdavis@rocketmail.com
394,eric74,eric74@rocketmail.com
395,patricia27,patricia27@gmail.com
396,kbrewer,kbrewer@gmail.com
397,iwhitney,iwhitney@gmail.com
398,nathanfoster,nathanfoster@rocketmail.com
399,allisonhunter,allisonhunter@rocketmail.com
400,chelsea01,chelsea01@gmail.com
401,aaronpatton,aaronpatton@rocketmail.com
402,benjaminpowers,benjaminpowers@yahoo.com
403,sarahmiller,sarahmiller@gmail.com
404,hahnbonnie,hahnbonnie@yahoo.com
405,eelliott,eelliott@gmail.com
406,ismith,ismith@gmail.com
407,andrewssamantha,andrewssamantha@gmail.com
408,xcompton,xcompton@gmail.com
409,greid,greid@rocketmail.com
410,abrown,abrown@yahoo.com
411,donaldmacdonald,donaldmacdonald@rocketmail.com
412,brianfitzgerald,brianfitzgerald@yahoo.com
413,herreraandrew,herreraandrew@gmail.com
414,jperez,jperez@rocketmail.com
415,harringtonrachel,harringtonrachel@yahoo.com
416,wanda14,wanda14@rocketmail.com
417,wilsondenise,wilsondenise@yahoo.com
418,gfry,gfry@rocketmail.com
419,pamelasnyder,pamelasnyder@yahoo.com
420,lwolf,lwolf@yahoo.com
421,dolson,dolson@yahoo.com
422,perezstephanie,perezstephanie@yahoo.com
423,daniel52,daniel52@yahoo.com
424,ugilmore,ugilmore@yahoo.com
425,ballanthony,ballanthony@gmail.com
426,ymullins,ymullins@rocketmail.com
427,breannavaughn,breannavaughn@gmail.com
428,patriciaallen,patriciaallen@gmail.com
429,nmorris,nmorris@rocketmail.com
430,johnjones,johnjones@rocketmail.com
431,williamsonmichelle,williamsonmichelle@gmail.com
432,uriley,uriley@yahoo.com
433,erinmurphy,erinmurphy@yahoo.com
434,kpreston,kpreston@yahoo.com
435,melissahill,melissahill@gmail.com
436,linda64,linda64@rocketmail.com
437,warrenvirginia,warrenvirginia@gmail.com
438,oflores,oflores@yahoo.com
439,phillipseric,phillipseric@rocketmail.com
440,angela27,angela27@yahoo.com
441,bmcdonald,bmcdonald@rocketmail.com
442,patrick87,patrick87@gmail.com
443,sarahjones,sarahjones@gmail.com
444,griffinabigail,griffinabigail@gmail.com
445,jaredharris,jaredharris@gmail.com
446,wilkersonshelia,wilkersonshelia@gmail.com
447,ysutton,ysutton@gmail.com
448,campbelltimothy,campbelltimothy@gmail.com
449,brian21,brian21@rocketmail.com
450,brittany61,brittany61@yahoo.com
451,carrie45,carrie45@gmail.com
452,kellysmith,kellysmith@gmail.com
453,xlambert,xlambert@gmail.com
454,jonesgordon,jonesgordon@gmail.com
455,baxtermary,baxtermary@yahoo.com
456,campbellmary,campbellmary@gmail.com
457,matthewsbenjamin,matthewsbenjamin@rocketmail.com
458,ybarnes,ybarnes@yahoo.com
459,lovebecky,lovebecky@gmail.com
460,tyler19,tyler19@rocketmail.com
461,rmitchell,rmitchell@rocketmail.com
462,morgan66,morgan66@gmail.com
463,murraybrittany,murraybrittany@rocketmail.com
464,riddlerussell,riddlerussell@gmail.com
465,kenneth69,kenneth69@yahoo.com
466,elizabeth76,elizabeth76@rocketmail.com
467,xorozco,xorozco@gmail.com
468,amberperry,amberperry@rocketmail.com
469,penarandall,penarandall@gmail.com
470,gthomas,gthomas@gmail.com
471,edwardstricia,edwardstricia@yahoo.com
472,hollymelton,hollymelton@gmail.com
473,cooperjeffrey,cooperjeffrey@yahoo.com
474,reyesmarisa,reyesmarisa@rocketmail.com
475,smithkrystal,smithkrystal@rocketmail.com
476,stephanieharris,stephanieharris@gmail.com
477,nixonshannon,nixonshannon@gmail.com
478,amanda94,amanda94@rocketmail.com
479,ksims,ksims@gmail.com
480,curtisbird,curtisbird@rocketmail.com
481,andreamatthews,andreamatthews@gmail.com
482,kwilliams,kwilliams@rocketmail.com
483,montgomerytimothy,montgomerytimothy@gmail.com
484,nguyenjoanna,nguyenjoanna@gmail.com
485,ryan08,ryan08@rocketmail.com
486,blairterri,blairterri@rocketmail.com
487,michael77,michael77@rocketmail.com
488,nmaldonado,nmaldonado@gmail.com
489,toni16,toni16@yahoo.com
490,ghartman,ghartman@rocketmail.com
491,mcdonaldfelicia,mcdonaldfelicia@gmail.com
492,fisherryan,fisherryan@rocketmail.com
493,rodriguezsharon,rodriguezsharon@gmail.com
494,smithjason,smithjason@yahoo.com
495,williamstodd,williamstodd@gmail.com
496,ethangilbert,ethangilbert@gmail.com
497,vadkins,vadkins@gmail.com
498,thomas30,thomas30@yahoo.com
499,grobinson,grobinson@yahoo.com
500,walkerdawn,walkerdawn@rocketmail.com
501,george81,george81@gmail.com
502,morgan70,morgan70@gmail.com
503,chapmanbruce,chapmanbruce@gmail.com
504,jerry95,jerry95@rocketmail.com
505,rcastro,rcastro@yahoo.com
506,amber89,amber89@gmail.com
507,chadmyers,chadmyers@rocketmail.com
508,ulester,ulester@rocketmail.com
509,lauragreen,lauragreen@gmail.com
510,cooperdarren,cooperdarren@rocketmail.com
511,christopherhorton,christopherhorton@gmail.com
512,derrick11,derrick11@rocketmail.com
513,nelsonanthony,nelsonanthony@rocketmail.com
514,josephdaniels,josephdaniels@yahoo.com
515,erica17,erica17@rocketmail.com
516,dennis87,dennis87@gmail.com
517,daniel72,daniel72@gmail.com
518,gary13,gary13@yahoo.com
519,brandondawson,brandondawson@gmail.com
520,sierraweaver,sierraweaver@rocketmail.com
521,stevenmccullough,stevenmccullough@gmail.com
522,deankimberly,deankimberly@gmail.com
523,umartinez,umartinez@rocketmail.com
524,riggselizabeth,riggselizabeth@gmail.com
525,clee,clee@yahoo.com
526,latoyaruiz,latoyaruiz@gmail.com
527,william13,william13@gmail.com
528,yuscott,yuscott@gmail.com
529,daniel98,daniel98@gmail.com
530,wendywright,wendywright@gmail.com
531,cgonzales,cgonzales@yahoo.com
532,houstonkevin,houstonkevin@gmail.com
533,uwatson,uwatson@yahoo.com
534,monicawhite,monicawhite@rocketmail.com
535,rachel74,rachel74@gmail.com
536,merrittmatthew,merrittmatthew@yahoo.com
537,fbishop,fbishop@gmail.com
538,bradleyraymond,bradleyraymond@rocketmail.com
539,michelleroberts,michelleroberts@yahoo.com
540,pratttamara,pratttamara@rocketmail.com
541,jamie75,jamie75@gmail.com
542,katelyn11,katelyn11@gmail.com
543,susanbeck,susanbeck@gmail.com
544,natashacarlson,natashacarlson@rocketmail.com
545,feliciawebb,feliciawebb@rocketmail.com
546,loricruz,loricruz@yahoo.com
547,gary42,gary42@yahoo.com
548,hoffmanbrenda,hoffmanbrenda@rocketmail.com
549,dchen,dchen@gmail.com
550,zacharybyrd,zacharybyrd@yahoo.com
551,johnsoncynthia,johnsoncynthia@yahoo.com
552,hornerachel,hornerachel@gmail.com
553,kbrown,kbrown@gmail.com
554,martinalexander,martinalexander@yahoo.com
555,johnsonalexa,johnsonalexa@yahoo.com
556,maryweber,maryweber@rocketmail.com
557,amy87,amy87@gmail.com
558,garciadebra,garciadebra@rocketmail.com
559,derekjones,derekjones@gmail.com
560,allen19,allen19@yahoo.com
561,istephenson,istephenson@rocketmail.com
562,williewilson,williewilson@yahoo.com
563,mark94,mark94@rocketmail.com
564,lhaynes,lhaynes@rocketmail.com
565,isaacgonzalez,isaacgonzalez@gmail.com
566,leehaley,leehaley@rocketmail.com
567,adamselizabeth,adamselizabeth@rocketmail.com
568,lhenderson,lhenderson@gmail.com
569,jennifer61,jennifer61@yahoo.com
570,jillmitchell,jillmitchell@yahoo.com
571,joneschristina,joneschristina@yahoo.com
572,braundustin,braundustin@rocketmail.com
573,mary48,mary48@rocketmail.com
574,gwilkinson,gwilkinson@yahoo.com
575,jimmysalinas,jimmysalinas@gmail.com
576,david69,david69@rocketmail.com
577,kennethdavis,kennethdavis@rocketmail.com
578,vtorres,vtorres@yahoo.com
579,mlewis,mlewis@rocketmail.com
580,robert20,robert20@gmail.com
581,lee95,lee95@yahoo.com
582,phillipmartinez,phillipmartinez@gmail.com
583,wolfjustin,wolfjustin@yahoo.com
584,gandrews,gandrews@yahoo.com
585,alvinhensley,alvinhensley@yahoo.com
586,desireehenry,desireehenry@yahoo.com
587,karenfoster,karenfoster@rocketmail.com
588,kathy22,kathy22@yahoo.com
589,jkelly,jkelly@gmail.com
590,jason53,jason53@gmail.com
591,jasmin83,jasmin83@gmail.com
592,jasonjames,jasonjames@gmail.com
593,cvasquez,cvasquez@gmail.com
594,thomasbrian,thomasbrian@rocketmail.com
595,jenningsalejandro,jenningsalejandro@rocketmail.com
596,deanbonilla,deanbonilla@rocketmail.com
597,emily32,emily32@gmail.com
598,carolynhensley,carolynhensley@yahoo.com
599,jose76,jose76@gmail.com
600,fboyle,fboyle@gmail.com
601,daniel14,daniel14@rocketmail.com
602,hlambert,hlambert@gmail.com
603,ujackson,ujackson@yahoo.com
604,smithchris,smithchris@rocketmail.com
605,parkemily,parkemily@rocketmail.com
606,hjohnston,hjohnston@rocketmail.com
607,joshua10,joshua10@yahoo.com
608,donna97,donna97@gmail.com
609,stephensmith,stephensmith@gmail.com
610,aaron86,aaron86@rocketmail.com
611,julie67,julie67@yahoo.com
612,vsmith,vsmith@gmail.com
613,mary41,mary41@rocketmail.com
614,haleykane,haleykane@gmail.com
615,acastillo,acastillo@yahoo.com
616,mary23,mary23@yahoo.com
617,ashleyanderson,ashleyanderson@yahoo.com
618,mendozachelsea,mendozachelsea@gmail.com
619,williamsvalerie,williamsvalerie@rocketmail.com
620,jessicathomas,jessicathomas@gmail.com
621,bethany29,bethany29@yahoo.com
622,sean81,sean81@rocketmail.com
623,trevinodiana,trevinodiana@rocketmail.com
624,jonesrebecca,jonesrebecca@rocketmail.com
625,michael99,michael99@gmail.com
626,jenniferknapp,jenniferknapp@yahoo.com
627,pamela14,pamela14@rocketmail.com
628,kellibrooks,kellibrooks@yahoo.com
629,juliebridges,juliebridges@rocketmail.com
630,millersteven,millersteven@gmail.com
631,patricia44,patricia44@rocketmail.com
632,wmcdowell,wmcdowell@rocketmail.com
633,dnewman,dnewman@rocketmail.com
634,smurphy,smurphy@yahoo.com
635,annmueller,annmueller@rocketmail.com
636,angela52,angela52@yahoo.com
637,denniswelch,denniswelch@gmail.com
638,austinhess,austinhess@yahoo.com
639,fhoover,fhoover@rocketmail.com
640,gonzalezjoanna,gonzalezjoanna@gmail.com
641,marycrawford,marycrawford@rocketmail.com
642,vargasdawn,vargasdawn@yahoo.com
643,rothjoseph,rothjoseph@gmail.com
644,mbrooks,mbrooks@rocketmail.com
645,goldendaniel,goldendaniel@yahoo.com
646,bnorton,bnorton@rocketmail.com
647,rebeccafitzgerald,rebeccafitzgerald@yahoo.com
648,griffithjessica,griffithjessica@gmail.com
649,zimmermanjessica,zimmermanjessica@rocketmail.com
650,kmyers,kmyers@gmail.com
